keys,de,en
PLAY,Spielen,Play
QUIT,Verlassen,Quit
RESET,Zurücksetzen,Reset Game
SETTINGS,Einstellungen,Settings
CREDITS,Credits,Credits
GRIP,Griff,Grip
BAIT,Köder,Bait
BAIT_SUFFIX,Köder,Bait
BAIT_ACTIVATE,Aktivieren,Activate
BAIT_ACTIVE,Aktiv,Active
ACTIVE_BAIT_LABEL,Köder: {bait},Bait: {bait}
BAIT_NONE,Kein Köder,No Bait
LINE,Faden,Line
GRIP_DESC,Bereichsfortschritt,Sweetspot Progress
BAIT_DESC,Seltene Items Chance,Rare Items Chance
LINE_DESC,Wartezeit,Wait Time
BEACH,Strand,Beach
CITY,Stadt,City
SEWER,U-Bahn,Subway
FOREST,Wald,Forest
DESERT,Wüste,Desert
ICELAND,Eisland,Iceland
HOME,Zuhause,Home
BUY,Kaufen,Buy
CLOSE,Schließen,Close
GO,Betreten,Enter
BACK,Zurück,Back
SUBMIT,Bestätigen,Confirm
PASSWORD,Passwort,Password
MUSIC,Musik,Music
SFX,SFX,SFX
3DSCALE,3D-Skalierung,3D Scale
FRAMELIMIT,Bildraten-Limit,Frame Limit
FULLSCREEN,Vollbild,Fullscreen
LANGUAGE,Sprache,Language
SPACEBAR,Leertaste,Spacebar
ARROWKEYS,Pfeiltasten,Arrow Keys
CAST,Auswerfen,Cast
INTERACT,Interagieren,Interact
FIGHT,Kämpfen,Fight
TURNAROUND,Umsehen,Turn Around
CAST_INTERACT_FIGHT,"Auswerfen, Interagieren","Cast, Interact"
INVENTORY,Inventar,Inventory
FISHBOOK,Fischbuch,Fishbook
MAP,Karte,Map
MENU,Menü,Menu
RARITY_NORMAL,Normal,Common
RARITY_UNCOMMON,Ungewöhnlich,Uncommon
RARITY_RARE,Selten,Rare
RARITY_EPIC,Episch,Epic
RARITY_LEGENDARY,Legendär,Legendary
RARITY_EXOTIC,Exotisch,Exotic
RARITY_ANTIQUE,Antik,Antique
DESCRIPTION,Beschreibung,Description
BASEVALUE,Basiswert,Base Value
WEIGHT1,Gewicht (Rekord),Weight (Record)
WEIGHT2,Gewicht (Bereich),Weight (Range)
CAUGHT,Gefangen,Caught
NEVERCATCHED,Noch nicht gefangen,Not Caught Yet
COMPLETEVALUE,Gesamtwert,Total Value
BAITS,Köder,Baits
SELLALL,Alle verkaufen,Sell All
BAIT_NORMAL,Normaler Köder,Common Bait

STATS_TITLE,🎣 FISCH STATISTIKEN 🎣,🎣 FISH STATISTICS 🎣
STATS_BAIT_LEVEL,Köder Level: {level},Bait Level: {level}
STATS_CLOSE,X,X
STATS_TOTAL_CAUGHT,Insgesamt gefangen: {count} Fische,Total caught: {count} fish
STATS_NO_FISH_YET,Noch keine Fische gefangen - Los geht's! 🎣,No fish caught yet - Let's go! 🎣

STATS_HEADER_SPAWN_CHANCES,📊 SPAWN-CHANCEN & FÄNGE,📊 SPAWN CHANCES & CATCHES
STATS_HEADER_BIOME_PROGRESS,🗺️ BIOM-FORTSCHRITT,🗺️ BIOME PROGRESS
STATS_HEADER_WEIGHT_RECORDS,🏆 GEWICHTSREKORDE (Top 5),🏆 WEIGHT RECORDS (Top 5)
STATS_HEADER_MOST_CAUGHT,🎣 MEISTGEFANGENE FISCHE (Top 5),🎣 MOST CAUGHT FISH (Top 5)
STATS_HEADER_BAIT_INVENTORY,🪝 KÖDER-INVENTAR,🪝 BAIT INVENTORY
STATS_HEADER_UPGRADES,⚙️ UPGRADES,⚙️ UPGRADES

BIOME_LAKE,🌊 See,🌊 Lake
BIOME_CITY,🏙️ Stadt,🏙️ City
BIOME_SEWER,🚽 Kanalisation,🚽 Sewer
BIOME_FOREST,🌲 Wald,🌲 Forest
BIOME_DESERT,🏜️ Wüste,🏜️ Desert
BIOME_ICELAND,🧊 Island,🧊 Iceland

STATS_CAUGHT,Gefangen: {count},Caught: {count}
STATS_CHANCE,Chance: {chance}%,Chance: {chance}%
STATS_NO_RECORDS,Noch keine Rekorde,No records yet
STATS_NO_CATCHES,Noch keine Fänge,No catches yet
STATS_NO_BAIT,Kein Köder vorhanden,No bait available
STATS_ACTIVE_BAIT,🎣 AKTIV: {bait} Köder,🎣 ACTIVE: {bait} Bait
STATS_BAIT_AMOUNT,{rarity} Köder: {amount} Stück,{rarity} Bait: {amount} pieces
STATS_WEIGHT_ENTRY,{rank}. {name}: {weight} kg,{rank}. {name}: {weight} kg
STATS_CAUGHT_ENTRY,{rank}. {name}: {count}x gefangen,{rank}. {name}: caught {count}x
STATS_BIOME_PROGRESS,{biome}: {caught}/{total},{biome}: {caught}/{total}

UPGRADE_GRIP,⚡ Grip,⚡ Grip
UPGRADE_BAIT,🎣 Köder,🎣 Bait
UPGRADE_LINE,🪢 Leine,🪢 Line
STATS_UPGRADE_LEVEL,{name}: Level {level},{name}: Level {level}

NOTE_1_TITLE,"Nr. 1 – Stille","No. 1 – Silence"
NOTE_1_TEXT,"Es ist merkwürdig, wie leise die Welt geworden ist.
Früher konnte man Menschen hören, Autos, Maschinen.
Jetzt höre ich nur noch Wasser… und meine eigenen Gedanken.","It's strange how quiet the world has become.
I used to hear people, cars, machines.
Now I only hear water… and my own thoughts."

NOTE_2_TITLE,"Nr. 2 – Der See","No. 2 – The Lake"
NOTE_2_TEXT,"Der See verändert sich.
Manchmal spüre ich eine Art Vibration, als würde etwas in der Tiefe atmen.
Und trotzdem beruhigt es mich.","The lake is changing.
Sometimes I feel a vibration, as if something were breathing deep below.
And yet, it calms me."

NOTE_3_TITLE,"Nr. 3 – Warum ich angle","No. 3 – Why I Fish"
NOTE_3_TEXT,"Ich weiß nicht, warum ich das hier noch mache.
Vielleicht, weil es das Einzige ist, das sich noch echt anfühlt.
Vielleicht auch, weil alles andere längst verschwunden ist.","I don't know why I'm still doing this.
Maybe because it's the only thing that still feels real.
Or maybe because everything else is already gone."

NOTE_4_TITLE,"Nr. 4 – Der Untergang","No. 4 – The Downfall"
NOTE_4_TEXT,"Alle sagen, die Welt ist langsam gestorben.
Ich habe es nie richtig bemerkt.
Vielleicht wollte ich es nicht bemerken.","Everyone says the world died slowly.
I never really noticed it.
Maybe I didn't want to."

INVENTORY_TITLE,Inventar,Inventory
INVENTORY_TOTAL_VALUE,Gesamtwert,Total Value
INVENTORY_SELL_ALL,Alle verkaufen,Sell All
INVENTORY_NO_FISH,Keine Fische zum Verkaufen,No Fish to Sell

VAN, Imbiss, Vendor
SUSHI, Sushi, Sushi
DRINKS, Getränke, Drinks
FRYER, Fritteuse, Fryer

PREP_TYPE_FRIED_FISH,Backfisch,Fried Fish
PREP_TYPE_SUSHI,Sushi,Sushi



# ====================
# STATION FRYER
# ====================
FRYER_NO_MODEL_ROOT,⚠️ Kein model_root gefunden!,⚠️ No model_root found!
FRYER_MESHES_FOUND,✅ %d Meshes gefunden im Modell,✅ %d meshes found in model
FRYER_NO_MESHES,⚠️ Keine MeshInstances gefunden!,⚠️ No MeshInstances found!
FRYER_STILL_COOKING,Noch am Kochen!,Still cooking!
FRYER_NO_FISH_INVENTORY,Keine Fische im Inventar!,No fish in inventory!
FRYER_CUSTOMER_NO_WANT,Kunde will keinen Backfisch!,Customer doesn't want fried fish!
FRYER_FISH_NOT_IN_INVENTORY,Fisch nicht im Inventar!,Fish not in inventory!
FRYER_COOKING_START,Frittiere %s...,Frying %s...
FRYER_COOKING_DONE,Backfisch fertig! Klicke erneut zum Aufnehmen,Fried fish ready! Click again to collect
FRYER_NO_TRAY,Kein Tablett gefunden!,No tray found!
FRYER_ITEM_ADDED_TO_TRAY,Backfisch auf Tablett gelegt!,Fried fish placed on tray!
FRYER_PROMPT_IDLE,Fisch waehlen,Select fish
FRYER_PROMPT_COOKING,Kocht...,Cooking...
FRYER_PROMPT_READY,Aufnehmen,Collect

FRYER_PROMPT_MINIGAME,Treffe den Moment!,Hit the moment!
SUSHI_STILL_COOKING,Noch am Zubereiten!,Still preparing!
SUSHI_NO_FISH_INVENTORY,Keine Fische im Inventar!,No fish in inventory!
SUSHI_CUSTOMER_NO_WANT,Kunde will kein Sushi!,Customer doesn't want sushi!
SUSHI_FISH_NOT_IN_INVENTORY,Fisch nicht im Inventar!,Fish not in inventory!
SUSHI_PROMPT_IDLE,Fisch waehlen,Select fish
SUSHI_PROMPT_MINIGAME,Schnell schneiden!,Cut quickly!
SUSHI_PROMPT_COOKING,Zubereitung...,Preparing...
SUSHI_PROMPT_READY,Aufnehmen,Collect
SUSHI_MINI_HINT,Klicke so schnell wie moeglich!,Click as fast as you can!
SUSHI_MINI_BUTTON,✂️ SCHNEIDEN,✂️ CUT
FRYER_MINI_HINT,Stoppe den Marker in der gruenen Zone!,Stop the marker in the green zone!
FRYER_MINI_BUTTON,⏱️ JETZT!,⏱️ NOW!
FRYER_MINI_PERFECT,✅ PERFEKT!,✅ PERFECT!
FRYER_MINI_GOOD,👍 GUT!,👍 GOOD!
FRYER_MINI_BURNED,🔥 VERBRANNT!,🔥 BURNED!
DRINKS_NO_CUSTOMER,Kein Kunde vorhanden!,No customer present!
DRINKS_NOT_ORDERED,Kunde hat kein Getraenk bestellt!,Customer didn't order a drink!
DRINKS_ALREADY_ON_TRAY,Getraenk schon auf Tablett!,Drink already on tray!
DRINKS_PROMPT_HOVER,Getraenk zapfen,Dispense drink
DRINKS_MINI_HINT,Finde das richtige Getraenk!,Find the correct drink!
DRINKS_MINI_TARGET,Finde: %s,Find: %s
DRINKS_MINI_FAILED,Falsches Getraenk! Kunde verliert Geduld.,Wrong drink! Customer loses patience.
UI_ORDER_FISH,Fisch: %s,Fish: %s
UI_ORDER_PREP,Art: %s,Type: %s
UI_ORDER_DRINK_YES,Getraenk: Ja,Drink: Yes
UI_ORDER_DRINK_NO,Getraenk: Nein,Drink: No

# ====================
# STATION SUSHI
# ====================
SUSHI_STILL_COOKING,Noch am Kochen!,Still cooking!
SUSHI_NO_FISH_INVENTORY,Keine Fische im Inventar!,No fish in inventory!
SUSHI_CUSTOMER_NO_WANT,Kunde will keinen Sushi!,Customer doesn't want sushi!
SUSHI_FISH_NOT_IN_INVENTORY,Fisch nicht im Inventar!,Fish not in inventory!
SUSHI_PROMPT_IDLE,Fisch wählen,Select fish
SUSHI_PROMPT_COOKING,Kocht...,Slicing...
SUSHI_PROMPT_READY,Aufnehmen,Collect

# ====================
# STATION DRINKS
# ====================
DRINKS_NO_CUSTOMER,Kein aktiver Kunde!,No active customer!
DRINKS_NOT_ORDERED,Kunde hat kein Getränk bestellt!,Customer didn't order a drink!
DRINKS_ALREADY_ON_TRAY,Getränk bereits auf dem Tablett!,Drink already on tray!
DRINKS_PROMPT_HOVER,Getränk hinzufügen,Add drink

# ====================
# CONTROLLER (GENERAL)
# ====================
CTRL_NO_CAMERA,Keine Kamera gefunden!,No camera found!
CTRL_INVENTORY_FOUND,Inventory gefunden - Fische verfuegbar:,Inventory found - fish available:
CTRL_INVENTORY_NOT_FOUND,Inventory Autoload nicht gefunden!,Inventory Autoload not found!
CTRL_NO_CUSTOMER_TO_SERVE,Kein Kunde zum Bedienen!,No customer to serve!
CTRL_TRAY_EMPTY,Tablett ist leer!,Tray is empty!
CTRL_ORDER_CORRECT,Bestellung korrekt!,Order correct!
CTRL_ORDER_WRONG,Falsche Bestellung!,Wrong order!
CTRL_FISH_REMOVED,Fisch aus Inventar entfernt: %s,Fish removed from inventory: %s
CTRL_NO_INVENTORY_MANAGER,Kein InventoryManager!,No InventoryManager!
CTRL_UNKNOWN_FISH_IN_INVENTORY,Unbekannter Fisch im Inventar:,Unknown fish in inventory:
CTRL_NO_FISH_DICT,Kein FishDict für:,No FishDict for:
CTRL_SERVE_CUSTOMER,→ Serviere Kunde,→ Serve customer
CTRL_NO_CUSTOMER,Kein Kunde da!,No customer there!
CTRL_STATION_INTERACT,→ Station interagiert: %s,→ Station interacted: %s
CTRL_NO_STATION_IN_DIRECTION,Keine Station in diese Richtung!,No station in this direction!

# ====================
# CONTROLLER (UI)
# ====================
UI_ORDER_FISH,Fisch: %s,Fish: %s
UI_ORDER_PREP,Art: %s,Type: %s
UI_ORDER_DRINK_YES,Getränk: Ja,Drink: Yes
UI_ORDER_DRINK_NO,Getränk: Nein,Drink: No
UI_TRAY_EMPTY,Leer (0/4),Empty (0/4)

# ====================
# CONTROLLER (DEBUG)
# ====================
DEBUG_CAMERA_HEADER,=== KAMERA DEBUG ===,=== CAMERA DEBUG ===
DEBUG_CAMERA_ROTATION,Rotation: %.1f°,Rotation: %.1f°
DEBUG_CAMERA_DIRECTION,Richtung:,Direction:
DEBUG_CAMERA_LOOKING_AT_CUSTOMER,Schaut auf Kunde:,Looking at customer:
DEBUG_CAMERA_FOOTER,===================,===================
DEBUG_INVENTORY_HEADER,=== INVENTAR STATUS ===,=== INVENTORY STATUS ===
DEBUG_INVENTORY_TOTAL,Fische gesamt: %d,Total fish: %d
DEBUG_INVENTORY_FOOTER,=====================,=====================

# ====================
# CUSTOMER
# ====================
CUSTOMER_NO_FISH_AVAILABLE,❌ Keine Fische verfügbar für Bestellung!,❌ No fish available for order!
CHOOSE_FISH, Fisch wählen, Choose Fish
SEARCH, Suchen..., Search...
BESTELLUNG, Bestellung, Order
UI_FISH_SELECT_TITLE,Fisch wählen für %s,Select fish for %s
UI_SEARCH_PLACEHOLDER,Suchen...,Search...
UI_CANCEL,Abbrechen,Cancel

FISH_LAKE_SEETANG_NAME,Seetang,Seaweed
FISH_LAKE_SEETANG_DESC,"Technisch gesehen kein Fisch. Aber mach erstmal weiter.","Technically not a fish. But keep going anyway."
FISH_LAKE_SEETANG_SCIENCE,"Seetang betreibt Fotosynthese und liefert wertvollen Sauerstoff, auch wenn er sich nicht wie ein Fisch verhält.","Seaweed performs photosynthesis and provides valuable oxygen, even though it does not behave like a fish."

FISH_LAKE_MAKRELE_NAME,Makrele,Mackerel
FISH_LAKE_MAKRELE_DESC,"Der Toyota Corolla unter den Fischen. Zuverlässig langweilig.","The Toyota Corolla of fish. Reliably boring."
FISH_LAKE_MAKRELE_SCIENCE,"Makrelen besitzen einen stromlinienförmigen Körper, der hydrodynamisch optimiert ist und energieeffizientes Schwimmen ermöglicht.","Mackerel have a streamlined, hydrodynamically optimized body that allows energy-efficient swimming."

FISH_LAKE_ROTAUGE_NAME,Rotauge,Roach
FISH_LAKE_ROTAUGE_DESC,"Starrt dich vorwurfsvoll an. Hat wahrscheinlich Recht damit.","Stares at you judgmentally. It's probably right."
FISH_LAKE_ROTAUGE_SCIENCE,"Rotaugen sind Schwarmfische, die visuelle Signale nutzen, um sich synchron zu bewegen – effizienter als du beim Autofahren.","Roach are schooling fish that use visual signals to move synchronously – more efficient than you driving."

FISH_LAKE_BARSCH_NAME,Barsch,Perch
FISH_LAKE_BARSCH_DESC,"Etwas stacheliger als deine Ex, aber weniger giftig.","A bit spikier than your ex, but less toxic."
FISH_LAKE_BARSCH_SCIENCE,"Barsche nutzen ihr Seitenlinienorgan, um feinste Wasserbewegungen wahrzunehmen – praktisch wie ein eingebautes Sonar.","Perch use their lateral line organ to detect subtle water movements – basically built-in sonar."

FISH_LAKE_THUNFISCH_NAME,Thunfisch,Tuna
FISH_LAKE_THUNFISCH_DESC,"Keine Ahnung wie der hier rein passt... Der ist viel zu fett.","No idea how this fits in here… it's way too fat."
FISH_LAKE_THUNFISCH_SCIENCE,"Thunfische gehören zu den wenigen warmblütigen Fischen, was ihnen enorme Geschwindigkeit verschafft.","Tuna are among the few warm-blooded fish, giving them tremendous speed."

FISH_LAKE_BRASSE_NAME,Brasse,Bream
FISH_LAKE_BRASSE_DESC,"Ein friedlicher Silberklotz. Sieht aus, als würde er Steuererklärungen sortieren.","A peaceful silver chunk. Looks like it sorts tax forms."
FISH_LAKE_BRASSE_SCIENCE,"Brassen leben oft in Schwärmen und suchen mit ihrem vorstülpbaren Maul den Gewässerboden nach Nahrung ab.","Bream often live in schools and use their protrusible mouth to search the bottom for food."

FISH_LAKE_HOLZ_NAME,Holz,Wood
FISH_LAKE_HOLZ_DESC,"Kein Fisch. Aber immerhin hat es Charakter.","Not a fish. But at least it has character."
FISH_LAKE_HOLZ_SCIENCE,"Treibholz bietet kleinen Wasserorganismen Schutz und dient Algen sowie Mikroben als Lebensraum.","Driftwood provides shelter for small aquatic organisms and serves as habitat for algae and microbes."

FISH_LAKE_STIEFEL_NAME,Alter Stiefel,Old Boot
FISH_LAKE_STIEFEL_DESC,"Riecht nach Abenteuer. Und Fußpilz.","Smells like adventure. And athlete's foot."
FISH_LAKE_STIEFEL_SCIENCE,"Langlebige Abfälle im Wasser können über Jahre bestehen bleiben und von Mikroorganismen besiedelt werden.","Durable waste in water can persist for years and become colonized by microorganisms."

FISH_LAKE_AUGENFORELLE_NAME,Augenforelle,Eyetrout
FISH_LAKE_AUGENFORELLE_DESC,"Sie sieht dich. Auch wenn du hinter ihr stehst.","It sees you. Even when you're standing behind it."
FISH_LAKE_AUGENFORELLE_SCIENCE,"Große oder auffällige Augen können Fischen helfen, in trübem oder dunklem Wasser mehr Licht wahrzunehmen.","Large or prominent eyes can help fish detect more light in murky or dark water."

FISH_LAKE_DOEBEL_NAME,Döbel,Chub
FISH_LAKE_DOEBEL_DESC,"Sieht harmlos aus. Hat aber definitiv schon Dinge gesehen.","Looks harmless. Has definitely seen things."
FISH_LAKE_DOEBEL_SCIENCE,"Döbel sind anpassungsfähige Süßwasserfische, die sowohl Insekten als auch Pflanzenmaterial und kleine Tiere fressen.","Chub are adaptable freshwater fish that eat insects, plant matter, and small animals."

FISH_LAKE_HECHT_NAME,Hecht,Pike
FISH_LAKE_HECHT_DESC,"Sieht aus wie ein Unterwasser-Torpedo mit Zahnarztphobie.","Looks like an underwater torpedo with a fear of dentists."
FISH_LAKE_HECHT_SCIENCE,"Hechte beschleunigen in Millisekunden, da ihre Muskulatur auf explosive Schnellkraft ausgelegt ist.","Pike can accelerate in milliseconds because their muscles are built for explosive power."

FISH_LAKE_EINSIEDLER_NAME,Einsiedler,Hermit Crab
FISH_LAKE_EINSIEDLER_DESC,"Der chillt einfach. Fühlst du dich nicht schlecht, dass du ihn gestört hast?","He's just chilling. Don't you feel bad for disturbing him?"
FISH_LAKE_EINSIEDLER_SCIENCE,"Einsiedlerkrebse leben in leeren Schneckenhäusern, um ihren weichen Körper vor Fressfeinden zu schützen, und wechseln mit dem Wachstum in größere Häuser, oft in Symbiose mit Seeanemonen.","Hermit crabs live in empty shells to protect their soft bodies and move to larger ones as they grow, often forming symbiotic relationships with sea anemones."

FISH_LAKE_MANTA_NAME,Manta,Manta Ray
FISH_LAKE_MANTA_DESC,"Einer von vielen. Aber er ist sehr süß.","One of many. But this one is very cute."
FISH_LAKE_MANTA_SCIENCE,"Mantas gehören zu den größten Rochenarten und filtern winzige Planktonpartikel aus dem Wasser – sie sind quasi Staubsauger mit Eleganz.","Manta rays are among the largest rays and filter tiny plankton particles from the water – basically elegant vacuum cleaners."

FISH_LAKE_ZANDER_NAME,Zander,Zander
FISH_LAKE_ZANDER_DESC,"Der Hipster-Fisch. War schon cool, bevor es mainstream wurde.","The hipster fish. Was cool before it went mainstream."
FISH_LAKE_ZANDER_SCIENCE,"Zander sehen im Dunkeln besonders gut, da ihre Netzhaut stark lichtverstärkend aufgebaut ist.","Zander see exceptionally well in the dark due to their light-amplifying retina."

FISH_LAKE_KORALLE_NAME,Koralle,Coral
FISH_LAKE_KORALLE_DESC,"Es ist ruhig und still.","It is static and quiet."
FISH_LAKE_KORALLE_SCIENCE,"Korallen sind lebende Organismen, die in Symbiose mit Algen leben und durch Kalkskelette Riffe bilden.","Corals are living organisms that form reefs by building calcium carbonate skeletons in symbiosis with algae."

FISH_LAKE_KAUGUMMIKARPFEN_NAME,Kaugummikarpfen,Gum Carp
FISH_LAKE_KAUGUMMIKARPFEN_DESC,"Schmeckt nach Erdbeere und existenzieller Krise.","Tastes like strawberry and existential crisis."
FISH_LAKE_KAUGUMMIKARPFEN_SCIENCE,"Karpfen besitzen über 100.000 Geschmacksknospen, was sie zu wahren Gourmets des Süßwassers macht.","Carp have over 100,000 taste buds, making them true freshwater gourmets."

FISH_LAKE_GLUBSCHI_NAME,Glubschi,Bugeye
FISH_LAKE_GLUBSCHI_DESC,"Seine Augen machen 95% seines Körpergewichts aus.","Its eyes make up 95% of its body weight."
FISH_LAKE_GLUBSCHI_SCIENCE,"Fische mit großen Augen sind oft an lichtarme Umgebungen angepasst, um möglichst viel Licht aufzunehmen.","Fish with large eyes are often adapted to low-light environments to maximize light intake."

FISH_LAKE_KARPENKOENIGIN_NAME,Karpfenkönigin,Carp Queen
FISH_LAKE_KARPENKOENIGIN_DESC,"Erwartet, dass du kniest. Und das zu Recht.","Expects you to kneel. And rightfully so."
FISH_LAKE_KARPENKOENIGIN_SCIENCE,"Große Karpfen entwickeln komplexe soziale Hierarchien, in denen dominante Tiere bevorzugte Futterplätze erhalten.","Large carp develop complex social hierarchies where dominant individuals control preferred feeding spots."

FISH_LAKE_ANLEITUNG_NAME,Mysteriöse Anleitung,Mysterious Handbook
FISH_LAKE_ANLEITUNG_DESC,"Es wurde unterzeichnet. Das muss also korrekt sein.","It was signed. That must mean it's correct."
FISH_LAKE_ANLEITUNG_SCIENCE,"Anleitung: Walsack spannen und im Meereswind trocknen. In Kiltform schneiden und Falten legen. Kokosöl einreiben und über Nacht ruhen lassen. Flamingo-Samen gegen den Fischgeruch aufsprühen. Innenseite verstärken, Riemen anbringen, Ränder versiegeln. Zum Schluss im Wind prüfen.","Manual: Stretch whale sack and dry it in ocean wind. Cut into kilt shape and form pleats. Rub in coconut oil and let it rest overnight. Spray flamingo semen to remove the fish smell. Reinforce the inside, attach straps, seal the edges, and test it in the wind."

FISH_LAKE_GEISTERFORELLE_NAME,Geisterforelle,Ghost Trout
FISH_LAKE_GEISTERFORELLE_DESC,"Ist tot. Schwimmt trotzdem. Frag nicht.","It's dead. Still swimming. Don't ask."
FISH_LAKE_GEISTERFORELLE_SCIENCE,"Forellen reagieren extrem empfindlich auf Sauerstoffgehalt im Wasser – manche Arten benötigen nahezu Trinkwasserqualität.","Trout are extremely sensitive to oxygen levels – some species require near drinking-water quality."

FISH_LAKE_PLUTONIUM_NAME,Plutonium,Plutonium
FISH_LAKE_PLUTONIUM_DESC,"Leuchtet im Dunkeln. FDA-Zulassung ausstehend. Nicht essbar.","Glows in the dark. FDA approval pending. Not edible."
FISH_LAKE_PLUTONIUM_SCIENCE,"Radioaktive Stoffe können Organismen zum Leuchten bringen, allerdings nicht ohne signifikante Nebenwirkungen.","Radioactive substances can cause organisms to glow – though not without significant side effects."

FISH_LAKE_ROTER_KNOPF_NAME,Roter Knopf,Red Button
FISH_LAKE_ROTER_KNOPF_DESC,"Merkwürdigerweise ist das Batteriefach leer. Ob der noch funktioniert?","Strangely, the battery compartment is empty. I wonder if it still works?"
FISH_LAKE_ROTER_KNOPF_SCIENCE,"Forellen reagieren extrem empfindlich auf Sauerstoffgehalt im Wasser.","Trout are extremely sensitive to oxygen levels in water."
FISH_LAKE_ROTER_KNOPF_STORY,"Die Geisterforelle leuchtet in deinen Händen auf. Eine alte Macht erwacht...","The ghost trout glows in your hands. An ancient power awakens..."

FISH_LAKE_SCHLAMMGEIST_NAME,Schlammgeist,Mud Wraith
FISH_LAKE_SCHLAMMGEIST_DESC,"Bewegt sich kaum. Beobachtet alles.","Barely moves. Watches everything."
FISH_LAKE_SCHLAMMGEIST_SCIENCE,"Einige Fischarten verharren regungslos im Sediment, um Energie zu sparen und Beute zu überraschen.","Some fish remain motionless in sediment to conserve energy and ambush prey."

FISH_LAKE_SPIEGELKARPFEN_NAME,Spiegelkarpfen,Mirror Carp
FISH_LAKE_SPIEGELKARPFEN_DESC,"Siehst du ihn an, siehst du dich selbst. Leider.","When you look at it, you see yourself. Unfortunately."
FISH_LAKE_SPIEGELKARPFEN_SCIENCE,"Spiegelkarpfen besitzen reduzierte Schuppen, was ihre Haut besonders reflektiv erscheinen lässt.","Mirror carp have reduced scales, making their skin highly reflective."

FISH_LAKE_TIEFENHUSTLER_NAME,Tiefenhustler,Depth Hustler
FISH_LAKE_TIEFENHUSTLER_DESC,"Hat nichts. Will trotzdem alles.","Has nothing. Wants everything."
FISH_LAKE_TIEFENHUSTLER_SCIENCE,"Bodennahe Fische zeigen oft opportunistisches Fressverhalten und hohe Anpassungsfähigkeit.","Bottom-dwelling fish often display opportunistic feeding behavior and high adaptability."

FISH_LAKE_SEEPFERD_NAME,Seepferdchen,Seahorse
FISH_LAKE_SEEPFERD_DESC,"Wurde als Schwimmabzeichen missbraucht. Grr","Used as a swimming badge. Disgraceful. Grr."
FISH_LAKE_SEEPFERD_SCIENCE,"Nach einer Tragezeit von 10 bis 45 Tagen presst der Vater hunderte bis tausende vollentwickelte Mini-Seepferdchen aus seiner Bauchtasche. Eklig..","After a gestation period of 10 to 45 days, the father releases hundreds to thousands of fully formed miniature seahorses from his brood pouch. Slightly disturbing."


FISH_CITY_DOSE_NAME,Dose,Can
FISH_CITY_DOSE_DESC,Leer. Genau wie dein Blick gerade.,Empty. Just like your stare right now.
FISH_CITY_DOSE_SCIENCE,Aluminiumdosen können im Wasser Jahrzehnte überdauern bevor sie vollständig zersetzt werden.,Aluminum cans can persist in water for decades before fully degrading.

FISH_CITY_FLASCHE_NAME,Flasche,Bottle
FISH_CITY_FLASCHE_DESC,Nachricht drin? Nope. Nur Enttäuschung.,Message inside? Nope. Just disappointment.
FISH_CITY_FLASCHE_SCIENCE,Glasflaschen können Jahrhunderte im Wasser überdauern ohne sich wesentlich zu verändern.,Glass bottles can remain in water for centuries without significant degradation.
FISH_CITY_SAND_AAL_NAME,Sand-Aal,Sand Eel
FISH_CITY_SAND_AAL_DESC,Schlüpfriger als ein Politiker im Wahlkampf.,More slippery than a politician during election campaign.
FISH_CITY_SAND_AAL_SCIENCE,Aale können über ihre Haut Sauerstoff aufnehmen – praktisch wenn man in Schadensbegrenzung leben muss.,Eels can absorb oxygen through their skin - practical when living in damage control mode.
FISH_CITY_SIGNALFAENGER_NAME,Signalfänger,Signal Catcher
FISH_CITY_SIGNALFAENGER_DESC,Hat besseren Empfang als dein Handy. Niemand mag den Bastard,Has better reception than your phone. Nobody likes the bastard
FISH_CITY_SIGNALFAENGER_SCIENCE,Viele Fische besitzen Elektrorezeptoren mit denen sie elektrische Felder wahrnehmen – sozusagen eingebaute Antennen.,Many fish possess electroreceptors that detect electrical fields - built-in antennas basically.
FISH_CITY_TRUEMMERKABEL_FISCH_NAME,Trümmerkabel-Fisch,Debris Cable Fish
FISH_CITY_TRUEMMERKABEL_FISCH_DESC,Ernährt sich von HDMI-Kabeln und zerbrochenen Träumen.,Feeds on HDMI cables and broken dreams.
FISH_CITY_TRUEMMERKABEL_FISCH_SCIENCE,Metallverschlingende Organismen existieren wirklich – bestimmte Bakterien nutzen Metallionen wie Nährstoffe.,Metal-devouring organisms really exist - certain bacteria use metal ions as nutrients.
FISH_CITY_ROEHRE_NAME,Röhre,Pipe
FISH_CITY_ROEHRE_DESC,War mal Teil von etwas Größerem. Jetzt bist du es.,Used to be part of something bigger. Now you are.
FISH_CITY_ROEHRE_SCIENCE,Rohre in urbanen Gewässern entstehen oft durch Infrastrukturreste und bieten unerwartete Lebensräume für Organismen.,Pipes in urban waters often originate from infrastructure remains and can become unexpected habitats for organisms.

FISH_CITY_RETTUNGSRING_NAME,Rettungsring,Lifebuoy
FISH_CITY_RETTUNGSRING_DESC,Rettet niemanden mehr. Aber dich hat er immerhin gefunden.,Doesn't save anyone anymore. But at least it found you.
FISH_CITY_RETTUNGSRING_SCIENCE,Rettungsringe bestehen meist aus schwimmfähigen Kunststoffen die sich im Wasser nur sehr langsam zersetzen.,Lifebuoys are typically made of buoyant plastics that decompose very slowly in water.

FISH_CITY_HDMI_NAME,HDMI-Kabel,HDMI Cable
FISH_CITY_HDMI_DESC,Überträgt nichts mehr außer Enttäuschung.,Transmits nothing but disappointment now.
FISH_CITY_HDMI_SCIENCE,Kabelisolierungen bestehen häufig aus Kunststoffmaterialien die sich in Gewässern nur schwer abbauen und Mikroplastik freisetzen können.,Cable insulation is often made of plastics that are difficult to degrade and can release microplastics into water.

FISH_CITY_DARKCRAB_NAME,Darkcrab,Dark Crab
FISH_CITY_DARKCRAB_DESC,Bewegt sich nur wenn du nicht hinsiehst. Klassisch.,Moves only when you're not looking. Classic.
FISH_CITY_DARKCRAB_SCIENCE,Einige Krabbenarten sind nachtaktiv und verlassen sich auf Dunkelheit und Tarnung um Fressfeinden zu entgehen.,Some crab species are nocturnal and rely on darkness and camouflage to avoid predators.
FISH_CITY_DORSCH_NAME,Dorsch,Cod
FISH_CITY_DORSCH_DESC,Heißt auch Kabeljau. Hat eine Identitätskrise.,Also called Atlantic cod. Has an identity crisis.
FISH_CITY_DORSCH_SCIENCE,Dorsche verändern ihr Wanderverhalten abhängig von Wassertemperaturen – ziemlich sensibel für so einen Brocken.,Cod change their migration behavior based on water temperatures - quite sensitive for such a chunk.
FISH_CITY_DISKUSFISCH_NAME,Diskusfisch,Discus Fish
FISH_CITY_DISKUSFISCH_DESC,Flach wie deine Ausreden aber deutlich bunter.,Flat like your excuses but much more colorful.
FISH_CITY_DISKUSFISCH_SCIENCE,Diskusfische füttern ihren Nachwuchs mit einer speziellen Schleimschicht – quasi Stillen für Fische.,Discus fish feed their offspring with a special mucus layer - basically breastfeeding for fish.
FISH_CITY_BARRAKUDA_NAME,Barrakuda,Barracuda
FISH_CITY_BARRAKUDA_DESC,Schwimmt schneller als du vor Verantwortung fliehst.,Swims faster than you flee from responsibility.
FISH_CITY_BARRAKUDA_SCIENCE,Barrakudas erreichen dank Muskelzusammensetzung und Körperform extreme Beschleunigung in Sekundenbruchteilen.,Barracudas achieve extreme acceleration in split seconds thanks to muscle composition and body shape.
FISH_CITY_LOAF_FISH_NAME,Loaf-fish,Loaf-fish
FISH_CITY_LOAF_FISH_DESC,Ist halt ein Brot mit Flossen und Kiemen. Übelst sauer und schlecht gelaunt.,It's just bread with fins and gills. Super sour and in a bad mood.
FISH_CITY_LOAF_FISH_SCIENCE,Ein Fleisch-Sandwich kann bis zu 15.544 Liter Wasser verbrauchen während ein Gurken-Sandwich (aus 1 kg Gurken) nur etwa 28 Liter Wasser benötigt.,A meat sandwich can consume up to 15544 liters of water while a cucumber sandwich (from 1 kg cucumbers) only needs about 28 liters of water.

FISH_CITY_WHITE_DOG_NAME,Weißer Hund,White Dog
FISH_CITY_WHITE_DOG_DESC,Oh... wie kommst du denn hier her Hund? Gut dass du schwimmen kannst.,Now how'd you find this place dog? Good thing you can swim!
FISH_CITY_WHITE_DOG_SCIENCE,Ungewöhnlich helle Tiere entstehen oft durch Pigmentverlust (Leuzismus oder Albinismus). In dunklen Umgebungen kann diese Anpassung helfen Energie zu sparen.,Unusually pale animals often result from pigment loss (leucism or albinism). In dark environments this adaptation can help conserve energy.

FISH_CITY_NEONFLOSSER_NAME,Neonflosser,Neon Fin
FISH_CITY_NEONFLOSSER_DESC,Sieht aus wie ein Rave im Aquarium.,Looks like a rave in an aquarium.
FISH_CITY_NEONFLOSSER_SCIENCE,Biolumineszenz bei Fischen entsteht häufig durch symbiotische Bakterien – Natur die Party macht.,Bioluminescence in fish often occurs through symbiotic bacteria - nature throwing a party.
FISH_CITY_ZIGARETTEN_NAME,Zigaretten,Cigarettes
FISH_CITY_ZIGARETTEN_DESC,Marlboro Menthol. Seit 1987 im Wasser. Noch immer brennend aktuell.,Marlboro Menthol. In the water since 1987. Still burning hot topic.
FISH_CITY_ZIGARETTEN_SCIENCE,Zigarettenfilter bestehen aus Zelluloseacetat – sie zersetzen sich extrem langsam und verschmutzen Gewässer über Jahrzehnte.,Cigarette filters consist of cellulose acetate - they decompose extremely slowly and pollute waters for decades.
FISH_CITY_RADIOAKTIV_NAME,Radioaktiver Molch,Radioactive Newt
FISH_CITY_RADIOAKTIV_DESC,Nicht direkt reingucken. Und auch nicht küssen. Wegen radioaktiven Isotopen. Leider...,Don't look directly into it. And don't kiss it either. Because of radioactive isotopes. Unfortunately...
FISH_CITY_RADIOAKTIV_SCIENCE,Molche besitzen eine außergewöhnliche Fähigkeit zur Regeneration von Gliedmaßen.,Newts possess an exceptional ability to regenerate lost limbs.
FISH_CITY_SEATURTLE_NAME,Meeresschildkröte,Sea Turtle
FISH_CITY_SEATURTLE_DESC,"Sie war hier, bevor alles begann. Und sie wird hier sein, wenn nichts mehr bleibt.","She was here before everything began. And she will remain when nothing else does."
FISH_CITY_SEATURTLE_SCIENCE,"Meeresschildkröten existieren seit über 100 Millionen Jahren und navigieren mithilfe des Erdmagnetfeldes über tausende Kilometer.","Sea turtles have existed for over 100 million years and navigate using Earth's magnetic field."
FISH_CITY_ALTSTADTGEIST_NAME,Altstadtgeist,Old Town Ghost
FISH_CITY_ALTSTADTGEIST_DESC,Erzählt dir Geschichten von früher. Alle langweilig.,Tells you stories from the past. All boring.
FISH_CITY_ALTSTADTGEIST_SCIENCE,Viele Tiefseefische nutzen transparente Gewebe um unsichtbar zu wirken – quasi biologische Tarnkappen.,Many deep-sea fish use transparent tissue to appear invisible - biological invisibility cloaks basically.
FISH_CITY_BULLENHAI_NAME,Bullenhai,Bull Shark
FISH_CITY_BULLENHAI_DESC,Sehr bulliger Hai. Ein Bullenhai eben.,Very bulky shark. A bull shark indeed.
FISH_CITY_BULLENHAI_SCIENCE,Bullenhaie sind bekannt für ihre Fähigkeit sowohl im Salzwasser als auch in Süßwasser zu leben und bis zu 3.5 Meter lang zu werden. Sie haben eine der stärksten Beißkräfte aller Haie.,Bull sharks are known for their ability to live in both saltwater and freshwater and grow up to 3.5 meters long. They have one of the strongest bite forces of all sharks.
FISH_CITY_PLATZHALTER_NAME,Platzhalter,Placeholder
FISH_CITY_PLATZHALTER_DESC,Existiert eigentlich nicht. Trotzdem gefangen. Paradox!,Doesn't actually exist. Still caught. Paradox!
FISH_CITY_PLATZHALTER_SCIENCE,In der Biologie gibt es Placeholder species wenn Forscher eine Art vermuten aber noch nicht belegt haben.,In biology there are placeholder species when researchers suspect a species but haven't proven it yet.
FISH_CITY_LEICHE_NAME,Leiche,Corpse
FISH_CITY_LEICHE_DESC,Markus?! Bitte nicht...,Markus?! Please no...
FISH_CITY_LEICHE_SCIENCE,Im Wasser sinken Körper erst ab steigen dann durch Gasbildung wieder auf – makaber aber wissenschaftlich korrekt.,Bodies first sink in water then rise again through gas formation - macabre but scientifically correct.
FISH_CITY_DATENKRAKE_NAME,Datenkrake,Data Octopus
FISH_CITY_DATENKRAKE_DESC,Kennt deine Suchanfragen. Alle. Ja auch die. Sicher das der Name richtig ist?,Knows your search queries. All of them. Yes even those. Sure the name is correct?
FISH_CITY_DATENKRAKE_SCIENCE,Oktopusse besitzen eines der komplexesten Nervensysteme aller Wirbellosen – acht Arme achtmal so viel Chaos.,Octopuses possess one of the most complex nervous systems of all invertebrates - eight arms eight times the chaos.
FISH_CITY_STOEPSEL_NAME,Stöpsel,Plug
FISH_CITY_STOEPSEL_DESC,Ist tot. Schwimmt trotzdem. Frag nicht.,Is dead. Still swimming. Don't ask.
FISH_CITY_STOEPSEL_SCIENCE,Forellen reagieren extrem empfindlich auf Sauerstoffgehalt im Wasser.,Trout react extremely sensitively to oxygen content in water.
FISH_CITY_STOEPSEL_STORY,Die Geisterforelle leuchtet in deinen Händen auf. Eine alte Macht erwacht...,The ghost trout glows in your hands. An ancient power awakens...

FISH_CITY_METALLAAL_NAME,Metallaal,Metal Eel
FISH_CITY_METALLAAL_DESC,"Fühlt sich magnetisch an. Vielleicht bist du das Problem.","Feels magnetic. Maybe you're the problem."
FISH_CITY_METALLAAL_SCIENCE,"Aale reagieren sensibel auf elektromagnetische Felder und orientieren sich daran.","Eels are sensitive to electromagnetic fields and use them for orientation."

FISH_CITY_VEGAN_NAME,Veganer Lachs,Vegan Salmon
FISH_CITY_VEGAN_DESC,"Dieser Lachs enthält keinen Lachs... Irgendwie merkwürdig. Trotzdem gleicher Preis?!","This salmon contains no salmon... Somehow strange. Still the same price?!"
FISH_CITY_VEGAN_SCIENCE,"Besteht vermutlich aus pflanzlichen Proteinen, künstlichen Aromen und einer Prise Identitätskrise.","Likely made of plant proteins, artificial flavors, and a hint of identity crisis."

FISH_CITY_SCHATTENKOI_NAME,Schattenkoi,Shadow Koi
FISH_CITY_SCHATTENKOI_DESC,"War früher schön. Jetzt erinnert er sich.","Used to be beautiful. Now it remembers."
FISH_CITY_SCHATTENKOI_SCIENCE,"Koi passen ihre Pigmentierung an Lichtverhältnisse und Umweltstress an.","Koi adjust their pigmentation based on lighting and environmental stress."

FISH_CITY_ABFLUSSENGEL_NAME,Abflussengel,Drain Angel
FISH_CITY_ABFLUSSENGEL_DESC,"Schützt nichts. Erlöst niemanden.","Protects nothing. Saves no one."
FISH_CITY_ABFLUSSENGEL_SCIENCE,"Flossenformen können hydrodynamische Effizienz selbst in stark verschmutzten Gewässern gewährleisten.","Fin shapes can ensure hydrodynamic efficiency even in heavily polluted waters."

FISH_CITY_SEEIGEL_NAME,Seeigel,Sea Urchin
FISH_CITY_SEEIGEL_DESC,"Eigentlich heißt er Ivan. Auf einem Surfcup ist ein Pinguin auf ihm gelandet. Der Arme...","His real name is Ivan. During a surfing contest, a penguin landed on him. Poor guy..."
FISH_CITY_SEEIGEL_SCIENCE,"Seeigel sind weltweit in Meeren verbreitete, stachelige Stachelhäuter (Echinoidea) mit über 1.000 bekannten Arten, die bis zu 200 Jahre alt werden können.","Sea urchins are spiny echinoderms (class Echinoidea) found in oceans worldwide. With over 1,000 known species, some can live up to 200 years."

FISH_SEWER_TOILETPAPER_NAME,Toilettenpapier,Toilet Paper
FISH_SEWER_TOILETPAPER_DESC,Zu spät. Viel zu spät.,Too late. Way too late.
FISH_SEWER_TOILETPAPER_SCIENCE,Toilettenpapier ist wasserlöslich konzipiert zerfällt aber je nach Qualität unterschiedlich schnell.,Toilet paper is designed to dissolve in water but degrades at different speeds depending on quality.

FISH_SEWER_HERING_NAME,Hering,Herring
FISH_SEWER_HERING_DESC,Hat sich verlaufen. Schwer verlaufen.,Took a wrong turn. A very wrong turn.
FISH_SEWER_HERING_SCIENCE,Heringe sind Schwarmfische die normalerweise in sauberen Meeren leben und empfindlich auf Umweltveränderungen reagieren.,Herring are schooling fish that usually live in clean seas and are sensitive to environmental changes.
FISH_SEWER_KACKWURST_NAME,Kackwurst,Poop Sausage
FISH_SEWER_KACKWURST_DESC,Exakt das wonach es aussieht. Verkauf es schnell.,Exactly what it looks like. Sell it quickly.
FISH_SEWER_KACKWURST_SCIENCE,Organische Abfälle werden im Wasser von Mikroorganismen zersetzt – nicht schön aber effizient.,Organic waste is decomposed by microorganisms in water - not pretty but efficient.
FISH_SEWER_SARDINE_NAME,Sardine,Sardine
FISH_SEWER_SARDINE_DESC,Möchte intensiv in eine Dose gepresst werden.,Intensely wants to be pressed into a can.
FISH_SEWER_SARDINE_SCIENCE,Sardinen bilden riesige Schwärme zur Abschreckung von Räubern – Sicherheit durch Masse.,Sardines form huge schools to deter predators - safety in numbers.
FISH_SEWER_FORELLE_NAME,Forelle,Trout
FISH_SEWER_FORELLE_DESC,Hat schon bessere Tage gesehen. Und bessere Gewässer.,Has seen better days. And better waters.
FISH_SEWER_FORELLE_SCIENCE,Forellen benötigen extrem sauberes sauerstoffreiches Wasser – Abwasser ist eher… suboptimal.,Trout need extremely clean oxygen-rich water - sewage is rather... suboptimal.
FISH_SEWER_WELS_NAME,Wels,Catfish
FISH_SEWER_WELS_DESC,Sieht aus wie dein Schnurrbart nach drei Wochen Quarantäne.,Looks like your mustache after three weeks of quarantine.
FISH_SEWER_WELS_SCIENCE,Welse nutzen Barteln als Tast- und Geruchsorgane ideal für dunkle oder schlammige Gewässer.,Catfish use barbels as tactile and olfactory organs ideal for dark or muddy waters.
FISH_SEWER_TEERFISCH_NAME,Teerfisch,Tar Fish
FISH_SEWER_TEERFISCH_DESC,50% Fisch 50% Industrieabfall 100% unverdaulich.,50% fish 50% industrial waste 100% indigestible.
FISH_SEWER_TEERFISCH_SCIENCE,Viele Schadstoffe binden sich an Fettgewebe von Fischen – Bioakkumulation lässt grüßen.,Many pollutants bind to fish fatty tissue - bioaccumulation says hello.
FISH_SEWER_KARTOFFEL_NAME,Kartoffel,Potato
FISH_SEWER_KARTOFFEL_DESC,Diese Kartoffel wirkt erstaunlich glücklich,This potato seems surprisingly happy
FISH_SEWER_KARTOFFEL_SCIENCE,Kartoffeln sind nährstoffreiche Knollen mit viel Wasser Stärke Kalium Vitamin C und B-Vitaminen die ursprünglich aus Südamerika stammen.,Potatoes are nutrient-rich tubers with lots of water starch potassium vitamin C and B vitamins originally from South America.
FISH_SEWER_MONDFISCH_NAME,Mondfisch,Sunfish
FISH_SEWER_MONDFISCH_DESC,Hat die Form einer Vollmondnacht und den IQ eines Kieselsteins.,Has the shape of a full moon night and the IQ of a pebble.
FISH_SEWER_MONDFISCH_SCIENCE,Mondfische sind die schwersten Knochenfische der Welt – trotz ihres… kreativen Designs.,Sunfish are the heaviest bony fish in the world - despite their... creative design.
FISH_SEWER_KATZENHAI_NAME,Katzenhai,Catshark
FISH_SEWER_KATZENHAI_DESC,Miaut unter Wasser. Wissenschaft kann es nicht erklären.,Meows underwater. Science can't explain it.
FISH_SEWER_KATZENHAI_SCIENCE,Katzenhaie besitzen leuchtende Muster die sie im Dunkeln sichtbar machen – biologische Partybeleuchtung.,Catsharks possess glowing patterns that make them visible in the dark - biological party lighting.
FISH_SEWER_FUEHRERSCHEIN_NAME,Führerschein,Driver's License
FISH_SEWER_FUEHRERSCHEIN_DESC,Abgelaufen seit 2003. Gehörte vermutlich Rainer 52.,Expired since 2003. Probably belonged to Rainer 52.
FISH_SEWER_FUEHRERSCHEIN_SCIENCE,Plastikkarten zerfallen im Wasser extrem langsam – Mikroplastik ahoi.,Plastic cards decompose extremely slowly in water - microplastics ahoy.
FISH_SEWER_GIFT_MANTA_NAME,Gift-Manta,Poison Manta
FISH_SEWER_GIFT_MANTA_DESC,Man sollte diesen Manta doppelt nicht berühren!,You should definitely not touch this manta twice!
FISH_SEWER_GIFT_MANTA_SCIENCE,Es gibt tatsächlich Rochenarten mit giftigen Stacheln – eine evolutionäre Kombination aus Majestät und Fass mich nicht an.,There actually are stingray species with poisonous stingers - an evolutionary combination of majesty and don't touch me.
FISH_SEWER_BILDERBUCHFISCH_NAME,Bilderbuchfisch,Picture Book Fish
FISH_SEWER_BILDERBUCHFISCH_DESC,Die einzige Hoffnung in diesem Drecksloch.,The only hope in this cesspool.
FISH_SEWER_BILDERBUCHFISCH_SCIENCE,Viele Zierfische werden durch gezielte Züchtung farbintensiver – quasi Kunstwerke mit Kiemen.,Many ornamental fish become more colorful through selective breeding - basically artworks with gills.
FISH_SEWER_WUETENDE_SCHOLLE_NAME,Wütende Scholle,Angry Flounder
FISH_SEWER_WUETENDE_SCHOLLE_DESC,Hat valide Gründe für ihre Wut. Glaub mir.,Has valid reasons for her anger. Trust me.
FISH_SEWER_WUETENDE_SCHOLLE_SCIENCE,Schollen wandern während des Wachstums – und ihre Augen wandern gleich mit.,Flounders migrate during growth - and their eyes migrate along with them.
FISH_SEWER_KONDOM_NAME,Kondom,Condom
FISH_SEWER_KONDOM_DESC,Gebraucht. Wirf es zurück. WIRF. ES. ZURÜCK.,Used. Throw it back. THROW. IT. BACK.
FISH_SEWER_KONDOM_SCIENCE,Latex zerfällt im Wasser sehr langsam und kann Tiere gefährlich verwickeln – bitte kein Souvenir.,Latex decomposes very slowly in water and can dangerously entangle animals - please no souvenir.
FISH_SEWER_BAHNKARTE_NAME,Bahnkarte,Train Ticket
FISH_SEWER_BAHNKARTE_DESC,Seit 37 Jahren ungültig,Invalid for 37 years
FISH_SEWER_BAHNKARTE_SCIENCE,Dieses Relikt stammt in einer Zeit wo die Erde noch komplett war.,This relic comes from a time when the Earth was still whole.
FISH_SEWER_BAHNKARTE_STORY,Die Geisterforelle leuchtet in deinen Händen auf. Eine alte Macht erwacht...,The ghost trout glows in your hands. An ancient power awakens...
FISH_SEWER_SIFFZUNGE_NAME,Siffzunge,Sludge Tongue
FISH_SEWER_SIFFZUNGE_DESC,"Leckt Dinge, die nie hätten existieren sollen.","Licks things that should never have existed."
FISH_SEWER_SIFFZUNGE_SCIENCE,"Einige Fische besitzen hochsensible Geschmacksorgane zur Nahrungserkennung in trübem Wasser.","Some fish have highly sensitive taste organs to detect food in murky water."

FISH_SEWER_KLOAKENHECHT_NAME,Kloakenhecht,Cloaca Pike
FISH_SEWER_KLOAKENHECHT_DESC,"Aggressiv. Territorial. Verständlich.","Aggressive. Territorial. Understandable."
FISH_SEWER_KLOAKENHECHT_SCIENCE,"Hechtartige Fische reagieren extrem aggressiv auf beengte Lebensräume.","Pike-like fish become extremely aggressive in confined habitats."

FISH_SEWER_GERUCHSFISCH_NAME,Geruchsfisch,Stench Fish
FISH_SEWER_GERUCHSFISCH_DESC,"Du riechst ihn. Er riecht dich.","You smell it. It smells you."
FISH_SEWER_GERUCHSFISCH_SCIENCE,"Chemorezeptoren ermöglichen Fischen das Wahrnehmen feinster organischer Stoffe.","Chemoreceptors allow fish to detect minute organic compounds."

FISH_SEWER_SEEPFERD2_NAME,Versifftes Seepferdchen,Filthy Seahorse
FISH_SEWER_SEEPFERD2_DESC,"Es klammert sich an rostige Ketten im Hafen. Früher war es ein Schwimmabzeichen. Jetzt ist es eine Warnung.","It clings to rusted harbor chains. Once a swimming badge. Now a warning."
FISH_SEWER_SEEPFERD2_SCIENCE,"In stark verschmutzten Gewässern verändern Seepferdchen ihre Pigmentierung, entwickeln verkrustete Hautpartien und zeigen reduzierte Fortpflanzungsraten. Umweltstress wirkt sich massiv auf ihre Populationen aus.","In heavily polluted waters, seahorses develop altered pigmentation, encrusted skin tissue, and significantly reduced reproduction rates. Environmental stress severely impacts their populations."

FISH_FOREST_KARPFEN_NAME,Karpfen,Carp
FISH_FOREST_KARPFEN_DESC,Meditiert unter Wasser. Unc ist vegetarisch.,Meditates underwater. Uncle is vegetarian.
FISH_FOREST_KARPFEN_SCIENCE,Karpfen können Geräusche unterscheiden und sogar auf Futtergeräusche konditioniert werden.,Carp can distinguish sounds and can even be conditioned to feeding sounds.
FISH_FOREST_WELS_NAME,Wels,Catfish
FISH_FOREST_WELS_DESC,Der Bartwuchs ist legendär. Der Rest? Naja.,The beard growth is legendary. The rest? Well.
FISH_FOREST_WELS_SCIENCE,Welse können elektrische Felder wahrnehmen – ein Vorteil in trüben Gewässern.,Catfish can perceive electrical fields - an advantage in murky waters.
FISH_FOREST_KOI_NAME,Koi,Koi
FISH_FOREST_KOI_DESC,Kostet in Japan ein Vermögen. Hier? Mittwochsangebot.,Costs a fortune in Japan. Here? Wednesday special.
FISH_FOREST_KOI_SCIENCE,Koi können über 50 Jahre alt werden – manche sogar über 200 laut historischen Aufzeichnungen.,Koi can live over 50 years - some even over 200 according to historical records.
FISH_FOREST_ROHRSCHATTEN_NAME,Rohrschatten,Reed Shadow
FISH_FOREST_ROHRSCHATTEN_DESC,Versteckt sich zwischen Schilf. Stealth Level 100.,Hides among reeds. Stealth Level 100.
FISH_FOREST_ROHRSCHATTEN_SCIENCE,Viele Süßwasserfische nutzen Vegetation als Tarnung um Räubern zu entkommen – natürliche Camouflage.,Many freshwater fish use vegetation as camouflage to escape predators - natural camo.
FISH_FOREST_ANGEL_NAME,Angel,Fishing Rod
FISH_FOREST_ANGEL_DESC,Schöne Angel! Oder ist das vielleicht doch eine Peitsche? Du kannst sie jedenfalls NICHT verwenden.,Beautiful fishing rod! Or is that maybe a whip? In any case you CANNOT use it.
FISH_FOREST_ANGEL_SCIENCE,Angelhaken wurden historisch aus Knochen Holz oder Muschelschalen gefertigt – MacGyver wäre stolz.,Fish hooks were historically made from bones wood or shells - MacGyver would be proud.
FISH_FOREST_WALDAAL_NAME,Waldaal,Forest Eel
FISH_FOREST_WALDAAL_DESC,Elektrisierend. Wörtlich.,Electrifying. Literally.
FISH_FOREST_WALDAAL_SCIENCE,Elektrische Aale können Stromstöße von über 600 Volt erzeugen – Naturgewalten im Mini-Format.,Electric eels can generate electric shocks of over 600 volts - forces of nature in mini format.
FISH_FOREST_WALDFRESSER_NAME,Waldfresser,Forest Eater
FISH_FOREST_WALDFRESSER_DESC,Vegetarier. Frisst buchstäblich den Wald. Irgendwie ironisch.,Vegetarian. Literally eats the forest. Somehow ironic.
FISH_FOREST_WALDFRESSER_SCIENCE,Holzfresser gibt es wirklich: Manche Welse ernähren sich von Treibholz und Mikroorganismen darauf.,Wood eaters really exist: Some catfish feed on driftwood and microorganisms on it.
FISH_FOREST_BAMBUSHAI_NAME,Bambushai,Bamboo Shark
FISH_FOREST_BAMBUSHAI_DESC,Ernährt sich von Bambus und innerer Ruhe.,Feeds on bamboo and inner peace.
FISH_FOREST_BAMBUSHAI_SCIENCE,Einige Haiarten können kurze Strecken an Land zurücklegen indem sie ihre Flossen als Stützen verwenden.,Some shark species can cover short distances on land by using their fins as supports.
FISH_FOREST_ANGEPISSTE_MAKRELE_NAME,Angepisste Makrele,Pissed Mackerel
FISH_FOREST_ANGEPISSTE_MAKRELE_DESC,Diese Makrele ist wahrlich angepisst.,This mackerel is truly pissed off.
FISH_FOREST_ANGEPISSTE_MAKRELE_SCIENCE,Hier gibt es nichts schlaues zu sagen. Das ist einfach nur ekelig,There's nothing smart to say here. This is just gross
FISH_FOREST_WURZELFISCH_NAME,Wurzelfisch,Root Fish
FISH_FOREST_WURZELFISCH_DESC,Halb Fisch halb Baum komplett verstörend.,Half fish half tree completely disturbing.
FISH_FOREST_WURZELFISCH_SCIENCE,Einige Fischarten leben in symbiotischen Beziehungen mit Pflanzen – z.B. schützen Wurzeln Laichplätze.,Some fish species live in symbiotic relationships with plants - e.g. roots protect spawning grounds.
FISH_FOREST_MARKUS_NAME,Markus,Markus
FISH_FOREST_MARKUS_DESC,Schon wieder? Ernsthaft?,Again? Seriously?
FISH_FOREST_MARKUS_SCIENCE,Verwesungsprozesse im Wasser laufen langsamer ab da weniger Sauerstoff vorhanden ist – gruselig effizient.,Decomposition processes in water run slower as less oxygen is present - eerily efficient.
FISH_FOREST_HAIZAHN_NAME,Haizahn,Shark Tooth
FISH_FOREST_HAIZAHN_DESC,Ein schönes Souvenir. Aber auch bisschen krank wenn man darüber nachdenkt.,A nice souvenir. But also a bit sick when you think about it.
FISH_FOREST_HAIZAHN_SCIENCE,Haie haben ein sogenanntes Revolvergebiss mit mehreren Zahnreihen wodurch sie im Laufe ihres Lebens Tausende von Zähnen verlieren.,Sharks have a so-called revolving jaw with multiple rows of teeth losing thousands of teeth in their lifetime.
FISH_FOREST_HAIZAHN_STORY,Die Geisterforelle leuchtet in deinen Händen auf. Eine alte Macht erwacht...,The ghost trout glows in your hands. An ancient power awakens...

FISH_FOREST_MOOSWELS_NAME,Mooswels,Moss Catfish
FISH_FOREST_MOOSWELS_DESC,"Verwechselt dich mit einem Baum.","Mistakes you for a tree."
FISH_FOREST_MOOSWELS_SCIENCE,"Algen- und Moosbewuchs auf Fischen dient oft der Tarnung in bewachsenen Gewässern.","Algae and moss growth on fish often serves as camouflage."

FISH_FOREST_NEBELBISS_NAME,Nebelbiss,Fog Bite
FISH_FOREST_NEBELBISS_DESC,"Du siehst ihn erst, wenn es zu spät ist.","You only see it when it's too late."
FISH_FOREST_NEBELBISS_SCIENCE,"Gedämpftes Licht beeinflusst das Jagdverhalten vieler Süßwasserfische.","Dim lighting affects the hunting behavior of many freshwater fish."

FISH_FOREST_WURMFUERST_NAME,Wurmfürst,Worm Lord
FISH_FOREST_WURMFUERST_DESC,"Regiert über nichts. Aber mit Würde.","Rules over nothing. But with dignity."
FISH_FOREST_WURMFUERST_SCIENCE,"Einige Fischarten ernähren sich fast ausschließlich von Wirbellosen im Sediment.","Some fish species feed almost exclusively on sediment-dwelling invertebrates."

FISH_FOREST_CLOWNFISH_NAME,Clownfisch,Clownfish
FISH_FOREST_CLOWNFISH_DESC,"Er trägt ein Lächeln, das nie seine Wahl war.","He wears a smile he never chose."
FISH_FOREST_CLOWNFISH_SCIENCE,"Clownfische leben in Symbiose mit Seeanemonen und sind gegen deren Nesselgift resistent.","Clownfish live in symbiosis with sea anemones and are resistant to their venom."

FISH_FOREST_KUGELFISCH_NAME,Wald-Kugelfisch,Forest Pufferfish
FISH_FOREST_KUGELFISCH_DESC,"Er schwebt zwischen überwucherten Wurzeln im dunklen Wasser. Wenn er sich aufbläht, treiben Blätter an ihm vorbei, als hätten sie Angst, ihn zu berühren.","It drifts between overgrown roots in the dark water. When it inflates, leaves float past it as if afraid to touch it."
FISH_FOREST_KUGELFISCH_SCIENCE,"Kugelfische kommen auch in Süßwasser vor und besiedeln Flüsse sowie überschwemmte Waldgebiete. Sie können sich aufblasen, um Fressfeinde abzuschrecken, und besitzen oft starke Toxine als zusätzlichen Schutzmechanismus.","Pufferfish can also inhabit freshwater environments, including rivers and flooded forest regions. They inflate to deter predators and often carry potent toxins as an additional defense mechanism."

FISH_DESERT_SANDKORN_NAME,Sandkorn,Sand Grain
FISH_DESERT_SANDKORN_DESC,Du hast ernsthaft das hier geangelt.,You seriously fished this.
FISH_DESERT_SANDKORN_SCIENCE,Ein einzelnes Sandkorn besteht meist aus Quarz und ist das Ergebnis von Jahrtausenden geologischer Prozesse.,A grain of sand is usually made of quartz and forms over thousands of years through geological processes.

FISH_DESERT_KOKOSNUSS_NAME,Kokosnuss,Coconut
FISH_DESERT_KOKOSNUSS_DESC,Technisch gesehen ein Upgrade zu Wasser.,Technically an upgrade from water.
FISH_DESERT_KOKOSNUSS_SCIENCE,Kokosnüsse können im Meer treiben und über große Distanzen verbreitet werden um neue Pflanzen zu bilden.,Coconuts can float across oceans and spread over long distances to grow new plants.

FISH_DESERT_KOKOSNUSS2_NAME,Kokosnerd,Coconerd
FISH_DESERT_KOKOSNUSS2_DESC,Diese kleine Kugel ist bereit unvorstellbares zu tun. Man sieht es ihr an.,This little sphere is ready to do unthinkable things. You can tell.
FISH_DESERT_KOKOSNUSS2_SCIENCE,Kokosnüsse können im Meer treiben und über große Distanzen verbreitet werden um neue Pflanzen zu bilden.,Coconuts can float across oceans and spread over long distances to grow new plants.

FISH_DESERT_SCHMUTZGRUNDEL_NAME,Schmutzgrundel,Dirt Goby
FISH_DESERT_SCHMUTZGRUNDEL_DESC,Lebt im Dreck. Buchstäblich. Wie deine Ernährungsgewohnheiten.,Lives in dirt. Literally. Like your eating habits.
FISH_DESERT_SCHMUTZGRUNDEL_SCIENCE,Grundeln können in extrem trübem Wasser überleben und sind wahre Anpassungsmeister.,Gobies can survive in extremely murky water and are true adaptation masters.
FISH_DESERT_SOLARFAENGER_NAME,Solarfänger,Solar Catcher
FISH_DESERT_SOLARFAENGER_DESC,Lädt sich über Sonnenlicht auf. Tesla wäre neidisch.,Charges via sunlight. Tesla would be jealous.
FISH_DESERT_SOLARFAENGER_SCIENCE,Bestimmte Meeresorganismen nutzen tatsächlich Licht für chemische Prozesse – Bio-Solarzellen der Natur.,Certain marine organisms actually use light for chemical processes - nature's bio-solar cells.
FISH_DESERT_ROSTFLOSSER_NAME,Rostflosser,Rust Fin
FISH_DESERT_ROSTFLOSSER_DESC,Braucht dringend eine Tetanus-Impfung.,Urgently needs a tetanus shot.
FISH_DESERT_ROSTFLOSSER_SCIENCE,Rost ist im Wasser weit verbreitet – Eisenbakterien erzeugen ganze rot gefärbte Zonen.,Rust is widespread in water - iron bacteria create entire red-colored zones.

FISH_DESERT_SANDSTREIFER_NAME,Sandstreifer,Sand Striper
FISH_DESERT_SANDSTREIFER_DESC,Getarnt wie ein Sandsturm. Mit Flossen.,Camouflaged like a sandstorm. With fins.
FISH_DESERT_SANDSTREIFER_SCIENCE,Viele Wüstenfische – ja die gibt es – leben in kurzzeitig wasserführenden Oasen oder Flussläufen.,Many desert fish - yes they exist - live in temporarily water-bearing oases or riverbeds.

FISH_DESERT_STEINSCHNECKE_NAME,Steinqualle,Stone Jellyfish
FISH_DESERT_STEINSCHNECKE_DESC,Wie ein glibschiger LKW,Like a slimy truck
FISH_DESERT_STEINSCHNECKE_SCIENCE,Die Steinqualle (Gattung Cassiopea) lebt oft kopfüber auf dem Meeresboden da sie in ihrem Gewebe symbiotische Algen beherbergt.,The upside-down jellyfish (genus Cassiopea) often lives upside down on the seafloor as it hosts symbiotic algae in its tissue.

FISH_DESERT_AGGRESIVE_GARNELE_NAME,Aggressive Garnele,Aggressive Shrimp
FISH_DESERT_AGGRESIVE_GARNELE_DESC,Winzig aber verdammt wütend. Wie ein Chihuahua.,Tiny but damn angry. Like a Chihuahua.
FISH_DESERT_AGGRESIVE_GARNELE_SCIENCE,Knallkrebse erzeugen durch ihre Scheren Schockwellen die Beute betäuben – kleine Wutpakete.,Pistol shrimp create shock waves with their claws that stun prey - little rage packets.
FISH_DESERT_STAUBHAI_NAME,Staubhai,Dust Shark
FISH_DESERT_STAUBHAI_DESC,Schwimmt durch Sand. Physik hat aufgegeben.,Swims through sand. Physics has given up.
FISH_DESERT_STAUBHAI_SCIENCE,Einige Tiere bewegen sich tatsächlich wellenförmig durch Sand – ähnlich wie Fische im Wasser.,Some animals actually move through sand in wave-like motions - similar to fish in water.
FISH_DESERT_WASSERFISCH_NAME,Wasserfisch,Water Fish
FISH_DESERT_WASSERFISCH_DESC,Der einzige Fisch mit Wasser in der Wüste. Ein Held.,The only fish with water in the desert. A hero.
FISH_DESERT_WASSERFISCH_SCIENCE,Wüstenseen können uralte Wasserkörper enthalten die über Jahrtausende isoliert waren.,Desert lakes can contain ancient bodies of water that have been isolated for millennia.
FISH_DESERT_FEUER_MANTA_NAME,Feuer-Manta,Fire Manta
FISH_DESERT_FEUER_MANTA_DESC,Ein sehr sehr heißer Manta. Boah,A very very hot manta. Wow
FISH_DESERT_FEUER_MANTA_SCIENCE,Temperaturresistente Meeresbewohner existieren wirklich: Einige Arten überleben nahe Vulkanquellen,Temperature-resistant marine creatures really exist: Some species survive near volcanic vents
FISH_DESERT_SONNENFRAGMENT_NAME,Sonnenfragment,Sun Fragment
FISH_DESERT_SONNENFRAGMENT_DESC,Ein Stück Sonne. Anfassen nicht empfohlen.,A piece of sun. Touching not recommended.
FISH_DESERT_SONNENFRAGMENT_SCIENCE,Sonnenlicht enthält Energie die in Milliarden Jahren Fusionsprozessen entstand – heißer gehts nicht.,Sunlight contains energy that arose in billions of years of fusion processes - it doesn't get hotter.
FISH_DESERT_GOLDHAI_NAME,Goldhai,Gold Shark
FISH_DESERT_GOLDHAI_DESC,Aus echtem Gold. Oder Messing. Vermutlich Messing.,Made of real gold. Or brass. Probably brass.
FISH_DESERT_GOLDHAI_SCIENCE,Gold kommt tatsächlich in Spuren im Meerwasser vor – nur leider nicht in Hai-Form.,Gold actually occurs in traces in seawater - just unfortunately not in shark form.
FISH_DESERT_BENZIN_NAME,Benzin,Gasoline
FISH_DESERT_BENZIN_DESC,Das wird nicht lange reichen...,This won't last long...
FISH_DESERT_BENZIN_SCIENCE,Benzin ist ein hochentzündliches flüchtiges Gemisch aus über 100 verschiedenen Kohlenwasserstoffen gewonnen aus Erdöl.,Gasoline is a highly flammable volatile mixture of over 100 different hydrocarbons derived from petroleum.
FISH_DESERT_BENZIN_STORY,Die Geisterforelle leuchtet in deinen Händen auf. Eine alte Macht erwacht...,The ghost trout glows in your hands. An ancient power awakens...

FISH_DESERT_FLIMMERAAL_NAME,Flimmeraal,Shimmer Eel
FISH_DESERT_FLIMMERAAL_DESC,"War vielleicht nur eine Halluzination.","Might have just been a hallucination."
FISH_DESERT_FLIMMERAAL_SCIENCE,"Hitze und Lichtbrechung können visuelle Täuschungen in Wüstengewässern verursachen.","Heat and light refraction can cause visual illusions in desert waters."

FISH_DESERT_SALZFRESSER_NAME,Salzfresser,Salt Eater
FISH_DESERT_SALZFRESSER_DESC,"Trinkt, was dich töten würde.","Drinks what would kill you."
FISH_DESERT_SALZFRESSER_SCIENCE,"Halophile Organismen sind an extrem salzhaltige Umgebungen angepasst.","Halophilic organisms are adapted to extremely salty environments."

FISH_DESERT_DUENENHAI_NAME,Dünenhai,Dune Shark
FISH_DESERT_DUENENHAI_DESC,"Schwimmt dort, wo kein Wasser sein sollte.","Swims where there shouldn't be water."
FISH_DESERT_DUENENHAI_SCIENCE,"Sandbewohnende Tiere nutzen wellenartige Bewegungen zur Fortbewegung.","Sand-dwelling animals use wave-like movements to travel."

FISH_DESERT_PAN_NAME,Pfanne,Frying Pan
FISH_DESERT_PAN_DESC,"Blockt Projektile. Wahrscheinlich.","Blocks projectiles. Probably."
FISH_DESERT_PAN_SCIENCE,"Eine Pfanne ist ein Kochutensil aus Metall. Unter bestimmten Umständen kann Metall überraschend widerstandsfähig sein.","A frying pan is a metal cooking utensil. Under certain circumstances, metal can be surprisingly resistant."

FISH_DESERT_BETTA_NAME,Siamesischer Kampffisch,Siamese Fighting Fish
FISH_DESERT_BETTA_DESC,"Er kämpft gegen Spiegelbilder. Und verliert nie.","He fights reflections. And never loses."
FISH_DESERT_BETTA_SCIENCE,"Betta splendens stammt aus Südostasien. Männchen sind territorial und zeigen ausgeprägtes Drohverhalten.","Betta splendens originates from Southeast Asia and males are highly territorial."

FISH_ICELAND_SEESTERN_NAME,Seestern,Starfish
FISH_ICELAND_SEESTERN_DESC,"Sieht harmlos aus… aber liegt irgendwie immer genau da, wo du hintrittst.","Looks harmless… but somehow always ends up exactly where you step."
FISH_ICELAND_SEESTERN_SCIENCE,"Seesterne können verlorene Arme regenerieren und besitzen kein zentrales Gehirn.","Starfish can regenerate lost limbs and do not have a central brain."

FISH_ICELAND_PATRICK_NAME,Hirnloser Seestern,Brainless Starfish
FISH_ICELAND_PATRICK_DESC,"Er hat sich hierher verirrt. Niemand weiß warum. Er auch nicht.","He somehow ended up here. No one knows why. Not even him."
FISH_ICELAND_PATRICK_SCIENCE,"Diese Art zeigt keine erkennbaren Überlebensstrategien, existiert aber dennoch stabil.","This species shows no clear survival strategies, yet continues to exist."

FISH_ICELAND_BATHYANTHIAS_NAME,Bathyantias,Twilight Perch
FISH_ICELAND_BATHYANTHIAS_DESC,"Ein Bewohner der Tiefe. Du siehst ihn selten… er dich öfter.","A deep-sea dweller. You rarely see it… it sees you more often."
FISH_ICELAND_BATHYANTHIAS_SCIENCE,"Lebt in großen Tiefen und ist an extreme Lichtarmut angepasst.","Lives in deep waters and is adapted to extremely low light conditions."

FISH_ICELAND_ICECUBE_NAME,Eiswürfel,Ice Cube
FISH_ICELAND_ICECUBE_DESC,"Kein Fisch. Aber kalt genug, um dazuzugehören.","Not a fish. But cold enough to count."
FISH_ICELAND_ICECUBE_SCIENCE,"Eis kann im Meer treiben und dabei kleine Partikel oder Luftblasen einschließen.","Ice can drift in the ocean and trap small particles or air bubbles."

FISH_ICELAND_SNAILFISCH_NAME,Schneckenfisch,Snailfish
FISH_ICELAND_SNAILFISCH_DESC,"Weich, blass und etwas zu entspannt für diese Tiefe.","Soft, pale, and a little too relaxed for this depth."
FISH_ICELAND_SNAILFISCH_SCIENCE,"Schneckenfische leben oft in kalten Tiefseegebieten und besitzen einen weichen, gelartigen Körper.","Snailfish often live in cold deep-sea areas and have soft, gelatinous bodies."

FISH_ICELAND_LODDE_NAME,Lodde,Capelin
FISH_ICELAND_LODDE_DESC,"Klein, unscheinbar und plötzlich überall.","Small, unremarkable, and suddenly everywhere."
FISH_ICELAND_LODDE_SCIENCE,"Lodden sind Schwarmfische, die in kalten Gewässern leben und eine wichtige Rolle im Ökosystem spielen.","Capelin are schooling fish living in cold waters and are key to the ecosystem."

FISH_ICELAND_GOBLIN_HAI_NAME,Goblinhai,Goblin Shark
FISH_ICELAND_GOBLIN_HAI_DESC,"Sieht aus wie ein Fehler der Natur… und bewegt sich auch so.","Looks like a glitch of nature… and moves like one."
FISH_ICELAND_GOBLIN_HAI_SCIENCE,"Der Goblinhai ist ein Tiefseehai mit ausfahrbarem Kiefer, der blitzschnell nach vorne schnellt.","The goblin shark is a deep-sea shark with a protrusible jaw that snaps forward rapidly."

FISH_ICELAND_KALMAR_NAME,Kalmar,Squid
FISH_ICELAND_KALMAR_DESC,"Verschwindet schneller, als du schauen kannst.","Disappears faster than you can react."
FISH_ICELAND_KALMAR_SCIENCE,"Kalmare bewegen sich durch Rückstoßantrieb und setzen Tinte zur Verteidigung ein.","Squid move using jet propulsion and release ink for defense."

FISH_ICELAND_EISFISCH_NAME,Eisfisch,Ice Fish
FISH_ICELAND_EISFISCH_DESC,Durchsichtiger Fisch ohne rote Blutkörperchen - fast wie aus Glas gemacht.,Transparent fish without red blood cells - almost made of glass.
FISH_ICELAND_EISFISCH_SCIENCE,Antarktische Eisfische haben kein Hämoglobin im Blut und erscheinen daher fast transparent.,Antarctic ice fish have no hemoglobin in their blood and therefore appear almost transparent.
FISH_ICELAND_ANGLERFISCH_NAME,Anglerfisch,Anglerfish
FISH_ICELAND_ANGLERFISCH_DESC,Das Glühwürmchen der Tiefsee. Mit Tollwut...,The firefly of the deep sea. With rabies...
FISH_ICELAND_ANGLERFISCH_SCIENCE,Das viel kleinere Männchen findet das Weibchen beißt sich fest und verschmilzt mit ihr zu einer Lebensgemeinschaft.,The much smaller male finds the female bites on and fuses with her into a life partnership.
FISH_ICELAND_BLOBFISCH_NAME,Blobfisch,Blobfish
FISH_ICELAND_BLOBFISCH_DESC,Wenn Alpträume schwimmen könnten würden sie so aussehen.,If nightmares could swim they would look like this.
FISH_ICELAND_BLOBFISCH_SCIENCE,Sein berühmtes matschiges Aussehen entsteht erst an der Oberfläche da er in der Tiefsee durch den extremen Wasserdruck seine normale Form behält.,Its famous mushy appearance only occurs at the surface as it maintains its normal form in the deep sea through extreme water pressure.
FISH_ICELAND_BLAUER_MARLIN_NAME,Blauer Marlin,Blue Marlin
FISH_ICELAND_BLAUER_MARLIN_DESC,Ein Basic Fisch. Nur diese lange Nase macht ihn besonders.,A basic fish. Only this long nose makes it special.
FISH_ICELAND_BLAUER_MARLIN_SCIENCE,Sie sind extrem schnelle Jäger der Hochsee die ihren langen speerähnlichen Oberkiefer zum Aufspießen ihrer Beute nutzen.,They are extremely fast hunters of the high seas who use their long spear-like upper jaw to skewer their prey.
FISH_ICELAND_SCHWARZER_MARLIN_NAME,Schwarzer Marlin,Black Marlin
FISH_ICELAND_SCHWARZER_MARLIN_DESC,Man könnte sagen dass der Entwickler zu faul gewesen ist um ein neues Asset zu erstellen,One could say the developer was too lazy to create a new asset
FISH_ICELAND_SCHWARZER_MARLIN_SCIENCE,Der schwarze Marlin gilt als der schnellste Fisch der Welt mit dokumentierten Spitzengeschwindigkeiten von bis zu 129 km/h.,The black marlin is considered the fastest fish in the world with documented top speeds of up to 129 km/h.

FISH_ICELAND_OARFISH_NAME,Eisband-Riemenfisch,Frozen Ribbon Oarfish
FISH_ICELAND_OARFISH_DESC,"Er windet sich lautlos unter der Eisdecke. Sein endloser Körper spiegelt sich im gefrorenen Wasser – als würde etwas Zweites ihm folgen.","It coils silently beneath the ice. Its endless body reflects in the frozen water—as if something else is following it."
FISH_ICELAND_OARFISH_SCIENCE,"Riemenfische sind Tiefseefische, die selten an die Oberfläche gelangen. In polaren Regionen können extreme Temperaturen und Druckverhältnisse ihr Verhalten verändern, wodurch sie gelegentlich in flacheren, eisnahen Gewässern beobachtet werden.","Oarfish are deep-sea fish that rarely approach the surface. In polar regions, extreme temperatures and pressure conditions may alter their behavior, occasionally bringing them into shallower, ice-adjacent waters."

FISH_ICELAND_KRISTALL_FISCH_NAME,Kristallfisch,Crystal Fish
FISH_ICELAND_KRISTALL_FISCH_DESC,Ein sehr seltenes und stinkendes Fisch-Gerippe aus Kristall.,A rare and stinky fish skeleton made of crystal.
FISH_ICELAND_KRISTALL_FISCH_SCIENCE,Kristallfische sind extrem selten und leben in tiefen und kalten Gewässern.,Crystal fish are extremely rare and live in deep cold waters.

FISH_ICELAND_MEGALODON_NAME,Megalodon,Megalodon
FISH_ICELAND_MEGALODON_DESC,Ein prähistorischer Riesenhai. Sollte eigentlich ausgestorben sein... sollte.,A prehistoric giant shark. Should actually be extinct... should be.
FISH_ICELAND_MEGALODON_SCIENCE,Der Megalodon lebte vor 23-3.6 Millionen Jahren und hatte eine Beißkraft von geschätzten 18 Tonnen.,The Megalodon lived 23-3.6 million years ago and had a bite force of an estimated 18 tons.
FISH_ICELAND_PINGUIN_NAME,Pinguin,Penguin
FISH_ICELAND_PINGUIN_DESC,Der arme Bursche hat seine Familie verloren.,The poor fellow has lost his family.
FISH_ICELAND_PINGUIN_SCIENCE,Pinguine kommunizieren durch Schreie leben in großen Kolonien trinken Salzwasser.,Penguins communicate through calls live in large colonies drink saltwater.
FISH_ICELAND_PINGUIN_STORY,Die Geisterforelle leuchtet in deinen Händen auf. Eine alte Macht erwacht...,The ghost trout glows in your hands. An ancient power awakens...

FISH_ICELAND_FROSTMAUL_NAME,Frostmaul,Frost Maw
FISH_ICELAND_FROSTMAUL_DESC,"Atmet Dampf. Lebt trotzdem.","Breathes vapor. Still alive."
FISH_ICELAND_FROSTMAUL_SCIENCE,"Einige arktische Fische produzieren Frostschutzproteine im Blut.","Some arctic fish produce antifreeze proteins in their blood."

FISH_ICELAND_EISLICHT_NAME,Eislicht,Ice Glow
FISH_ICELAND_EISLICHT_DESC,"Leuchtet schwach. Als hätte es Angst.","Glows faintly. As if it's afraid."
FISH_ICELAND_EISLICHT_SCIENCE,"Biolumineszenz tritt auch in extrem kalten Tiefseehabitaten auf.","Bioluminescence occurs even in extremely cold deep-sea habitats."

FISH_ICELAND_GLETSCHERZUNGE_NAME,Gletscherzunge,Glacier Tongue
FISH_ICELAND_GLETSCHERZUNGE_DESC,"Kalt. Schwer. Endgültig.","Cold. Heavy. Final."
FISH_ICELAND_GLETSCHERZUNGE_SCIENCE,"Große Tiefseefische wachsen langsam und erreichen enorme Massen.","Large deep-sea fish grow slowly and reach massive sizes."



FISH_VALUE_PRICELESS,Unbezahlbar,Priceless
FISH_WEIGHT,Gewicht,Weight

EVENT_LAKE,"Das Wasser war immer ruhig.\nZu ruhig.\n\nDann kam die Welle.\n\nKeine zweite.\n\nWeil es nichts mehr gibt,\ndas eine zweite erzeugen könnte.","The water was always calm.\nToo calm.\n\nThen the wave came.\n\nThere won't be a second one.\n\nBecause nothing is left\nthat could create another."
EVENT_CITY,"Hier habe ich früher gelebt.\nZwischen Lichtern und Stimmen.\n\nJetzt ist alles still.\n\nDas Wasser steht nicht mehr.\nEs steigt.\nUnd es wird nicht aufhören.","I used to live here.\nBetween lights and voices.\n\nNow everything is quiet.\n\nThe water isn't standing.\nIt's rising.\nAnd it won't stop."
EVENT_SEWER,"Ich wollte nur nach unten sehen.\n\nEin Geräusch.\nEin Licht.\n\nZu spät.\n\nDer Boden war nie das Problem.\nEs war das, was sich bewegt hat.","I just wanted to look down.\n\nA sound.\nA light.\n\nToo late.\n\nThe ground was never the problem.\nIt was what moved."
EVENT_FOREST,"Der Wald war nie für Wasser gedacht.\n\nAber es ist da.\nZwischen den Bäumen.\n\nIch habe etwas gesehen.\nEine Flosse.\n\nHier gibt es keine Flossen.","The forest was never meant for water.\n\nBut it's here.\nBetween the trees.\n\nI saw something.\nA fin.\n\nThere are no fins here."
EVENT_DESERT,"Die Sonne ist gewachsen.\nIch habe es gemessen.\n\nHeute passt sie nicht mehr in den Himmel.\n\nDer Schatten verschwindet.\n\nUnd ich bald auch.","The sun has grown.\nI measured it.\n\nToday it no longer fits in the sky.\n\nThe shadow is disappearing.\n\nAnd soon, so will I."
EVENT_ICELAND,"Das Eis ist nicht mehr fest.\n\nDarunter ist kein Wasser.\n\nNur Tiefe.\n\nUnd etwas,\ndas zurückblickt.","The ice is no longer solid.\n\nThere is no water beneath.\n\nOnly depth.\n\nAnd something\nthat looks back."
EVENT_OCEAN,"Du bist nicht allein hier.\n\nDas warst du nie.\n\nEtwas hat immer mit dir gefischt.\n\nUnd jetzt hat es dich gesehen.","You are not alone here.\n\nYou never were.\n\nSomething has always been fishing with you.\n\nAnd now it has seen you."

FISH_OCEAN_STEAM_PLAYER_NAME,Du selbst!
FISH_OCEAN_STEAM_PLAYER_DESC,Ein wahrlich einzigartiger Fang - du hast dich selbst gefangen! Vielleicht solltest du öfter aus dem Haus gehen...
FISH_OCEAN_STEAM_PLAYER_SCIENCE,Homo Sapiens Digitalis - Eine seltene Spezies, die ihre natürliche Umgebung verlassen hat und nun in den digitalen Gewässern von Steam schwimmt.
FISH_OCEAN_STEAM_PLAYER_STORY,Du starrst auf den gefangenen Fisch und erkennst dein eigenes Gesicht im eisigen Wasser. Ein Moment der Selbsterkenntnis - oder der Wahnsinn des langen Angelns? Die Reise endet hier, wo sie begann: Bei dir selbst.

ANY_KEY,[Beliebige Taste],[Any Key]
CLICK,[Klicken],[Click]


FISH_ACTION_SELL, Fisch verkaufen, Sell fish
FISH_ACTION_USE_AS_BAIT, Als Köder nutzen, Use as bait

BIOME_PROGRESS_50,🐟 50% der Fische im {biome} entdeckt!,🐟 50% of the fish in {biome} discovered!
BIOME_PROGRESS_100,🏆 Alle Fische im {biome} gefangen!,🏆 All fish in {biome} caught!
BIOME_LAKE,See,Lake
BIOME_CITY,Stadt,City
BIOME_SEWER,Kanalisation,Sewer
BIOME_FOREST,Wald,Forest
BIOME_DESERT,Wüste,Desert
BIOME_ICELAND,Island,Iceland
BIOME_OCEAN,Ozean,Ocean

CLICK_FOR_DETAILS,Klicke für Details,Click for details
LEADERBOARD_TITLE,BESTENLISTEN,LEADERBOARDS
LEADERBOARD_TAB_FISH,Meiste Fische gefangen,Most Fish Caught
LEADERBOARD_TAB_MONEY,Meistes Geld verdient,Most Money Earned
LEADERBOARD_HEADER_NAME,Name,Name
LEADERBOARD_HEADER_PLAYER,Spieler,Player
LEADERBOARD_HEADER_SCORE,Punkte,Score
LEADERBOARD_WAITING_STEAM,Warte auf Steam...,Waiting for Steam...
LEADERBOARD_STEAM_UNAVAILABLE,Steam nicht verfügbar,Steam unavailable
LEADERBOARD_UNAVAILABLE,Bestenliste nicht verfügbar,Leaderboard unavailable
LEADERBOARD_LOADING,Lädt...,Loading...
LEADERBOARD_NO_ENTRIES,Noch keine Einträge,No entries yet
LEADERBOARD_UNKNOWN_PLAYER,Unbekannt,Unknown
LEADERBOARD_CLOSE,Schließen,Close
LEADERBOARD_GLOBAL,Global,Global
LEADERBOARD_FRIENDS,Freunde,Friends
LEADERBOARD_AROUND_ME,Um mich herum,Around Me
LEADERBOARD_REFRESH,Aktualisieren,Refresh
HUB_VISIT_PROMPT,E zum Besuchen,E to visit
HUB_NOTE_PROMPT,E zum Lesen,E to read
HUB_LEADERBOARD_PROMPT,E Bestenliste ansehen,E to view leaderboard
